{
  "version": "1.0.34",
  "lastUpdated": "2025-09-11T16:20:54.435Z",
  "languages": [
    {
      "code": "zh-CN",
      "name": "简体中文",
      "nativeName": "中文",
      "enabled": true,
      "file": "zh-CN.json"
    },
    {
      "code": "zh-TW",
      "name": "繁体中文",
      "nativeName": "繁體中文",
      "enabled": true,
      "file": "zh-TW.json"
    },
    {
      "code": "en-US",
      "name": "English",
      "nativeName": "English",
      "enabled": true,
      "file": "en-US.json"
    },
    {
      "code": "ja-JP",
      "name": "日语",
      "nativeName": "日本語",
      "enabled": true,
      "file": "ja-JP.json"
    },
    {
      "code": "th-TH",
      "name": "泰语",
      "nativeName": "ไทย",
      "enabled": true,
      "file": "th-TH.json"
    },
    {
      "code": "de-DE",
      "name": "德语",
      "nativeName": "德语",
      "enabled": true,
      "file": "de-DE.json"
    },
    {
      "code": "pt-PT",
      "name": "葡萄牙语",
      "nativeName": "葡萄牙语",
      "enabled": true,
      "file": "pt-PT.json"
    }
  ],
  "defaultLanguage": "zh-CN",
  "fallbackLanguage": "zh-CN"
}
